word,rating,tag,photos
conductor,4.26,concrete,"['557068157_844005b366_c.jpg', '8765733792_3ff3c1e811_c.jpg', '2588614137_2d79cf47d9_c.jpg', '247059552_28eeae2b12_c.jpg', '301264773_f908060a5f_c.jpg', '376343675_016efe5b83_c.jpg', '53029244255_0e068c3bef_c.jpg', '8928509630_fc16bc32ea_c.jpg', '6000873838_dc3b182bb0_c.jpg']"
tear,4.56,concrete,"['52477319316_00b63c3000_c.jpg', '6575697257_9dcec721c8_c.jpg', '36562800532_7811e85bc6_c.jpg', '51343152322_d4a1d364a2_c.jpg', '151358584_412d480d98_c.jpg', '4360571267_f36d7746ce_c.jpg', '2931364863_54e028c63b_c.jpg', '3939071691_57559bed1a_c.jpg']"
fisherwoman,4.71,concrete,"['38479145565_10205e3aa1_c.jpg', '46998218732_c83810ddf6_c.jpg', '2541381798_aea468d4cd_c.jpg', '28401199886_da0191880c_c.jpg', '52975086288_308e6a09f4_c.jpg', '6815829730_b078b4f751_c.jpg', '4443755666_7736a06ddb_c.jpg', '13981733467_e977ccf272_c.jpg', '3353476896_06572a999f_c.jpg', '2739622660_b7a75a6746_c.jpg', '51318539076_d87edeff99_c.jpg', '7096686309_be58bff68a_c.jpg']"
crown,4.81,concrete,"['9195944224_611dc4dc79_c.jpg', '51140698012_3efce89eff_c.jpg', '5000621489_1a8d5297e1_c.jpg', '6695179753_cacf9a55d3_c.jpg', '48038618128_c72a81167b_c.jpg', '497564949_072cdf4db2_c.jpg', '3251106282_fd8dda9d9c_c.jpg', '14879548302_b0a5eec66e_c.jpg', '7386415228_b5c784caca_c.jpg', '6145980729_8d6b2cfd3b_c.jpg', '6972573381_2b1581ca3c_c.jpg', '44828416644_a18152d226_c.jpg']"
ovum,4.38,concrete,"['53036075095_59dc419293_c.jpg', '18083701883_193cc9195c_c.jpg', '47974896257_88295ca937_c.jpg', '8907077368_3048f4b4b2_c.jpg', '581858973_477d3b3414_c.jpg', '581858959_d65ee3c3c5_c.jpg', '10934472125_ccbab95ef5_c.jpg', '28025695032_6d521592ab_c.jpg']"
rack,4.48,concrete,"['833236055_13cfa75a5f_c.jpg', '15601594935_6b81eb1649_c.jpg', '5553005506_8f0f1e5860_c.jpg', '6001121678_93f69d311f_c.jpg', '2025955597_fee143ff0c_c.jpg', '3328094194_77f727ba84_c.jpg', '22530479257_d9cabf31bc_c.jpg', '5762780662_3a433d9339_c.jpg', '2372938894_bdf69cc64e_c.jpg', '30479447_3e4abcf559_c.jpg', '4285709170_0c9ed017eb_c.jpg']"
plexiglass,4.42,concrete,"['5377494029_032a27a0d8_c.jpg', '15602992045_fe98c1d82a_c.jpg', '14982843443_0772517086_c.jpg', '6743710571_32abe58305_c.jpg', '15603836542_5e909c5e59_c.jpg', '5255816798_4bfd9c6907_c.jpg', '14982847923_4c498c7c30_c.jpg', '15416360329_3abbfd4214_c.jpg', '15603833392_86f9a4d2f5_c.jpg', '15579321016_1b7429ae63_c.jpg', '15417403430_1549785c8a_c.jpg', '15602990615_691b85b7a6_c.jpg']"
roadway,4.67,concrete,"['13348569554_4e4faaf9e2_c.jpg', '51474270905_20a39a3261_c.jpg', '13333171635_53af72ef9c_c.jpg', '51276666698_c661836511_c.jpg', '51582529534_4d6a7607c2_c.jpg', '48525160192_2302c2c29f_c.jpg', '6337822476_bcfd89a586_c.jpg', '3246616951_599a6ea517_c.jpg', '7183129935_c434554edf_c.jpg', '5928505_e4fc089103_c.jpg', '3313579776_8459f92966_c.jpg', '3601729531_77a3921f92_c.jpg']"
dresser,4.96,concrete,"['3704535271_f052a6682c_c.jpg', '6042094152_8361f8eb07_c.jpg', '6493880761_31e7438867_c.jpg', '5627268833_729a723043_c.jpg', '14453178096_9eb7be5f61_c.jpg']"
gateway,4.07,concrete,"['4739005_6dfd05f6ec_c.jpg', '1362858470_9f24627bea_c.jpg', '49298014482_2476bb1aa5_c.jpg', '8338908987_6b4c320fcf_c.jpg', '12806444805_4233a9d047_c.jpg', '14329436800_1f9aca6a7d_c.jpg', '8755090129_f662303982_c.jpg', '29677595397_b143937532_c.jpg', '44683244092_1e6d37e2c5_c.jpg', '31344636921_91679a4abf_c.jpg', '48441697012_40ebf36cfe_c.jpg']"
clerk,4.28,concrete,"['49564996251_6fc3d2f71f_c.jpg', '2371446965_6fd50d7581_c.jpg', '4953333688_a5b976f18f_c.jpg', '388972905_174c6e57c6_c.jpg', '51963281569_32e733ffc9_c.jpg', '4114228419_d7bf181a3a_c.jpg', '6271497772_d3064e2baa_c.jpg']"
parkland,4.04,concrete,"['52660700199_eb4b3416de_c.jpg', '5784993262_9d46748afa_c.jpg', '52886356153_da43c37b15_c.jpg', '49892013773_2298bd9522_c.jpg', '1516571243_a91ea9a977_c.jpg', '52799442808_5597906941_c.jpg', '51334417193_6bfbc0173d_c.jpg', '6257932145_9b07ece2ca_c.jpg', '38714621925_3f2f4bf3aa_c.jpg', '111866094_2d1702da51_c.jpg', '8650097426_c63511827e_c.jpg', '6052134069_6dc6b9f6ee_c.jpg']"
landslide,4.36,concrete,"['5775777734_fb81c551de_c.jpg', '5459865572_64001cdd7d_c.jpg', '5524131825_f60d5fcbeb_c.jpg', '2552063560_b9d97b1e4e_c.jpg', '246414839_153f637cfb_c.jpg', '4078252074_44bd8be969_c.jpg', '7044793847_deea4c81f2_c.jpg', '5726674697_9cd3fe71f8_c.jpg', '15684735_352e27bce6_c.jpg']"
foothill,4.38,concrete,"['22704193236_d674b1c65c_c.jpg', '23438587296_95ddc47faf_c.jpg', '14756856067_a32da4a36b_c.jpg', '30868979730_edcf8ba57d_c.jpg', '28712652700_36e3d48d96_c.jpg', '19440324279_78b82d2764_c.jpg', '8375011844_3247df233c_c.jpg', '27347040262_9f816d3246_c.jpg', '28270971592_387c4fecdb_c.jpg', '29492593224_3a5d7d475b_c.jpg', '21181655394_ef17a1284d_c.jpg', '26181238814_3443d129bd_c.jpg']"
thread,4.83,concrete,"['53373175955_b244283b79_c.jpg', '43495667605_d9605d1edc_c.jpg', '43690764424_ae4907dfc2_c.jpg', '49855577148_a85c9d76a5_c.jpg', '53031041925_85cf7555db_c.jpg', '51967972587_88ddc3c1aa_c.jpg', '13925550545_4ca12904dd_c.jpg', '24881507825_16c39a0bc1_c.jpg', '43670939204_a940c3f8fe_c.jpg', '25495113192_bde8621d3f_c.jpg']"
cubicle,4.83,concrete,"['2831256981_5ce37eab99_c.jpg', '4164251472_5850e06585_c.jpg', '6838515291_0c0899e7b6_c.jpg', '4059290147_a4d9181e72_c.jpg', '3806866329_6e26cb5bcf_c.jpg', '499375882_004f6e9c07_c.jpg', '2432989812_8613851530_c.jpg', '763979949_9124dcdcc4_c.jpg', '2299983049_7d68c3709f_c.jpg', '3129445298_fbcbcb0f19_c.jpg']"
massage,4.18,concrete,"['44086236532_80c8451f41_c.jpg', '45336748274_6c6d1a4f9e_c.jpg', '14917715337_a0f95b856e_c.jpg', '5921475393_fd7de558a5_c.jpg', '395206061_c917d4675b_c.jpg', '41230915100_93e6ee00bf_c.jpg', '5559760089_08fe97001c_c.jpg', '35731646931_9385621c01_c.jpg', '50342639606_15eacf44c5_c.jpg', '9234877623_494b762a4d_c.jpg']"
footwear,4.66,concrete,"['7471807058_7100b81a68_c.jpg', '7471797942_8e01fb33f8_c.jpg', '5024773111_ef18da0e4c_c.jpg', '7471808670_6f16208230_c.jpg', '5024771629_ffff91f369_c.jpg', '7471803370_4b96cbfe73_c.jpg', '7471805494_83d0e008c5_c.jpg']"
glass,4.82,concrete,"['9073755473_11ab5a4a20_c.jpg', '2245430643_a2e8092cef_c.jpg', '7213932154_4bf12ff9c1_c.jpg', '21031660743_1e48030ccc_c.jpg', '3152178745_34a6d2bbf0_c.jpg', '4125808313_d5330e6e2e_c.jpg', '16482070536_134ddab7de_c.jpg', '5359459935_6e2ac35f2a_c.jpg', '7283590140_643dd40124_c.jpg']"
insulation,4.33,concrete,"['3266679252_2bb23a9824_c.jpg', '1572330972_97867e9855_c.jpg', '9262944793_459888bd36_c.jpg', '3527525287_af70387758_c.jpg', '195454132_a4dbf9cda3_c.jpg', '3481716440_23560d89d5_c.jpg', '189018376_933ecb067e_c.jpg', '3054737258_fbb8ac6d55_c.jpg', '3139839206_5c4dd421bc_c.jpg']"
incision,4.07,concrete,"['51523632699_da94e86058_c.jpg', '51805265995_44ca7d4038_c.jpg', '23925110742_f294e22602_c.jpg', '448296603_3847713fb5_c.jpg', '633211645_ff869b35d1_c.jpg', '7031166953_560fe9e89e_c.jpg', '32329768408_553e8b2987_c.jpg', '6260084298_698ba7e42a_c.jpg', '2689753360_4e9f2c12f8_c.jpg', '4778338657_71be5f4e51_c.jpg', '49322271241_76fc3c2e32_c.jpg', '147773108_9a34471e8b_c.jpg']"
rectum,4.92,concrete,"['2422499829_09c5c2190d_c.jpg', '5824593295_f3b7c6701b_c.jpg', '8254272704_5149617a6a_c.jpg', '14540018995_560e3e0bbf_c.jpg', '6129925785_6c91d5eba2_c.jpg']"
shortbread,4.56,concrete,"['4865568700_fa299bac37_c.jpg', '52635903108_0c02191e7c_c.jpg', '14333124070_7c81f97d3f_c.jpg', '24642475942_b53717d0d9_c.jpg', '15227142949_8f0ff8c961_c.jpg', '3420796050_3f8271d327_c.jpg', '50998613879_b0e85fb1c8_c.jpg', '4340637567_95b609edd8_c.jpg', '3069174565_c8a06962a0_c.jpg', '6505944675_c3b7ef0ca8_c.jpg', '7858317840_72fc59e10c_c.jpg', '5569339033_098aec20c2_c.jpg']"
shipmaster,4.33,concrete,"['49656833702_480afeb1b7_c.jpg', '50853644828_94d10c2957_c.jpg', '13161974153_f545eb9c63_c.jpg', '52266284378_f26b9aa61b_c.jpg', '49655614213_42c280c675_c.jpg', '49709662383_b07b1931a5_c.jpg', '49656554826_b17fe5996d_c.jpg', '50854525646_143de81c29_c.jpg', '49656823737_f1163cb54e_c.jpg', '41269677854_f68208a68c_c.jpg', '27871237590_7c24495cc7_c.jpg']"
teen,4.16,concrete,"['7262997866_d968c611f7_c.jpg', '52949006677_d9e862c1c0_c.jpg', '5827984474_8ce7dd26f7_c.jpg', '9702830856_7b40e934ea_c.jpg', '5827984450_0f3229d924_c.jpg', '3009648642_b58b861b0c_c.jpg', '6907979098_d759bee956_c.jpg', '5827984462_b1261967c2_c.jpg', '29701173277_4eac8e0e30_c.jpg', '2945447309_5a58716699_c.jpg']"
grater,4.52,concrete,"['52595878263_1f86fa4bdc_c.jpg', '447605211_df3402c499_c.jpg', '49849110777_8fb2046cd3_c.jpg', '52367485752_68aa832c38_c.jpg', '49853893682_8c9b8ec152_c.jpg', '49961090408_fb09cb4e19_c.jpg', '46138983185_fbef1c16e6_c.jpg', '4737000_1fd0bb67ac_c.jpg', '3034385050_3a8e251df4_c.jpg', '51787148841_0633acb8a8_c.jpg', '2654535342_a30880a90f_c.jpg']"
hill,4.93,concrete,"['18795217173_39e0b63304_c.jpg', '26181979455_e57742f601_c.jpg', '17171269208_b1c971772e_c.jpg', '24549274240_a29ac85439_c.jpg', '14003437278_263ff93c90_c.jpg', '3557842515_166f19f44b_c.jpg', '3183763085_b9ec7258f3_c.jpg', '7194086820_b1d58bf704_c.jpg', '4666485839_42e2ebb3fc_c.jpg', '5162438838_0d6b4b0909_c.jpg', '31303760471_961a5642ee_c.jpg', '4644940465_fbf8f2ed4c_c.jpg']"
unicyclist,4.14,concrete,"['2393383427_390625f6c8_c.jpg', '5618004530_b1fa7d0f0c_c.jpg', '2448745416_23646cf90a_c.jpg', '5661970100_10d7177898_c.jpg', '86261070_15b8aa47d5_c.jpg', '47195621072_df61991df1_c.jpg', '3281710391_3d45562514_c.jpg', '607161067_e6e22eda43_c.jpg', '607169237_8b539914bb_c.jpg', '50958989157_882be57bb5_c.jpg']"
dive,4.03,concrete,"['9630707045_ac164553dd_c.jpg', '1854092594_0f658419b0_c.jpg', '10060991446_363c485a64_c.jpg', '3613811178_537febdea9_c.jpg', '51729226561_e5d15db060_c.jpg', '8508319851_cc3548ccff_c.jpg', '8509427430_823801b3c2_c.jpg', '36416679803_a20c4d93ee_c.jpg', '159568999_cc520186bd_c.jpg', '1324172276_0c1f8a7569_c.jpg']"
trapdoor,4.56,concrete,"['1296883974_fbc264493c_c.jpg', '39149895234_d668c17549_c.jpg', '8135082671_cef74a654e_c.jpg', '47510982182_ec49fe18f9_c.jpg', '48640286097_bffa116ac1_c.jpg', '1223140221_72a734c846_c.jpg', '48264940212_a632bd53e1_c.jpg', '338675689_0cafd7d593_c.jpg', '3743081979_08ab12b0af_c.jpg', '67795242_41fbf7a5f6_c.jpg']"
cub,4.67,concrete,"['4871007552_18344cd184_c.jpg', '51206932757_3d62e99276_c.jpg', '28433635743_96ec4c3115_c.jpg', '39949614601_04c3a2de82_c.jpg', '50783627163_c5394fe2f0_c.jpg', '50612901963_c4d9666675_c.jpg', '12923983525_d4356fdff3_c.jpg', '51271703642_68e631752f_c.jpg', '777949406_a0f98dae3d_c.jpg', '53042098862_c96eff8173_c.jpg', '5018673066_b40f5a0cd2_c.jpg']"
rock,4.91,concrete,"['26804798344_dfffa941a3_c.jpg', '4133088597_90cae9cfb0_c.jpg', '6897534897_8ae7ed6c2a_c.jpg', '15358386915_3d5d4b9ed7_c.jpg', '37957684281_01bae430ab_c.jpg', '4602413834_5de797cb9c_c.jpg', '41698111974_66060f51d6_c.jpg', '43251408310_68ab65396c_c.jpg', '41863415871_69c421c2cf_c.jpg', '28926140762_5434bbb990_c.jpg', '43678388695_c7681ba25d_c.jpg', '37994503941_b495b28b3d_c.jpg']"
tentacle,4.46,concrete,"['51703616297_43bd6d5799_c.jpg', '51631329245_f7b2070057_c.jpg', '5747665277_9a3ba079ca_c.jpg', '40475743660_c9d3b3427b_c.jpg', '48640241081_6b1a551e01_c.jpg', '15811232457_36ff2748e5_c.jpg', '19527993925_1c6f2bfa84_c.jpg', '24771627442_a0746287f8_c.jpg', '51954664994_e77415be08_c.jpg', '2745745305_492e390386_c.jpg', '33277445242_2144d086ed_c.jpg', '50650573362_408d2f99d7_c.jpg']"
minstrel,4.11,concrete,"['52380092563_8ce0a50ae4_c.jpg', '45374069054_5b31237a48_c.jpg', '6178266001_2eb0e1944b_c.jpg', '32563709104_c730f02483_c.jpg', '226370932_b8b4129959_c.jpg', '5225906715_f47e14b463_c.jpg', '50573036_2dd6a30953_c.jpg', '9384013943_6beffd0a98_c.jpg', '174390326_a2b2637a6b_c.jpg', '3461234556_a2e352e977_c.jpg', '8297535432_0eb16624bb_c.jpg', '2925003708_03ab030c2d_c.jpg']"
capital,4.1,concrete,"['13916128761_56c612a362_c.jpg', '273692105_ea3a4759a0_c.jpg', '534166736_c9d1b4af92_c.jpg', '5978292830_edbf4328cd_c.jpg', '6290995940_69abb36523_c.jpg', '63823738_385955b3c3_c.jpg', '50099660816_c596e19448_c.jpg', '49798656617_68354b4eb8_c.jpg', '50619835498_ec258ebe14_c.jpg', '3478529102_2cfe68ba92_c.jpg', '49989433902_97528e465b_c.jpg', '3822118898_abe39389e0_c.jpg']"
bumper,4.96,concrete,"['30055473812_b5aec95218_c.jpg', '17189800281_e649b251d2_c.jpg', '19556248341_b05c8347c8_c.jpg', '22419510715_3e27d06d78_c.jpg', '5552012067_5f1728870d_c.jpg', '53107927843_582785abf6_c.jpg', '33685268294_fe367a4e96_c.jpg', '50505721201_83376a6dbd_c.jpg', '51294117690_4a6e147a0f_c.jpg', '7077156111_cce7a681f7_c.jpg']"
brush,4.54,concrete,"['49608136717_f8fdb91e60_c.jpg', '49608349197_72f12914f7_c.jpg', '53080780619_b41c141ddf_c.jpg', '49609660746_9f8b25777a_c.jpg', '49604536428_b0a3c2db08_c.jpg', '49610270331_53359c95cc_c.jpg', '21193421818_97ce1fc812_c.jpg', '49607105572_f922a38215_c.jpg', '49608252142_187a346c3b_c.jpg', '383957574_2a346e71fa_c.jpg', '49607558953_58fed87aa7_c.jpg', '4383832588_f8ddd42c7b_c.jpg']"
box,4.9,concrete,"['6439082447_e373274dd9_c.jpg', '5946031820_e9f9c2bd79_c.jpg', '5946034584_0c12560ae8_c.jpg', '5946035098_bfe5483d52_c.jpg', '5946032684_67139ef5c6_c.jpg', '1438355211_18bfe15238_c.jpg', '22657253693_6b09e07094_c.jpg', '33623115748_b5dfd7f29e_c.jpg', '50587479823_8f475a92bb_c.jpg', '34925944082_0a41bea72c_c.jpg', '8501122204_d86f0a5f72_c.jpg']"
webdeveloper,4.19,concrete,"['5576039227_208913254f_c.jpg', '35430304503_650ba24437_c.jpg', '52422315409_429201b41c_c.jpg', '27240674510_a90dafae9f_c.jpg', '31273254507_41195c5e47_c.jpg', '52419998489_bb513e3df1_c.jpg', '14188823572_3dc16163db_c.jpg', '210191761_32b0652e9d_c.jpg']"
bunion,4.64,concrete,"['5794162254_43548c2bbc_c.jpg', '40163536860_11eebb28de_c.jpg', '18066729893_5d0dc997df_c.jpg', '3486843757_70bb619d92_c.jpg', '3044289033_43372833d4_c.jpg', '3044308969_545396d725_c.jpg', '3045134578_e1a205a1e5_c.jpg', '3045129228_0c2b1bc68e_c.jpg', '3045146558_f3c5a4d16c_c.jpg', '3045144320_ba008ddfdc_c.jpg']"
badger,4.37,concrete,"['52777275051_5d932776c4_c.jpg', '51302055802_38f3ddb328_c.jpg', '52948687723_40813d1803_c.jpg', '51261152556_d9eed3870c_c.jpg', '51792869033_fa8a4ab253_c.jpg', '52501565177_f54d0a0723_c.jpg', '52409144214_2c81755bd9_c.jpg', '49053707073_f76ab609b0_c.jpg', '52191663975_910ae1bb7d_c.jpg', '52787874196_fc4d71413a_c.jpg', '52432106734_ddc9c6b18c_c.jpg', '50269236177_737b3a26bf_c.jpg']"
rollercoaster,4.81,concrete,"['140387921_596eb9f9be_c.jpg', '49836362892_53ff7bdd7c_c.jpg', '21738499086_4c24374d78_c.jpg', '15523476035_ab0ce9424b_c.jpg', '2772150239_97eb28bc7d_c.jpg', '73147599_6ede49b863_c.jpg', '414144927_cfc88a8fd3_c.jpg', '49561614272_a3ff3a6b28_c.jpg', '22724846693_0e8191fee1_c.jpg', '30188491815_edcd9a8613_c.jpg', '26991909554_c3cdd0ef2d_c.jpg', '29559706913_c4ceb71083_c.jpg']"
gashouse,4.72,concrete,"['50300141323_20e23679f1_c.jpg', '5219765760_d7d6261dda_c.jpg', '631529532_95ff202f70_c.jpg', '32517712077_e348b5f633_c.jpg', '8499562262_8274faaa3b_c.jpg', '3460159790_d2ccca1c14_c.jpg', '3203789934_cbf195328b_c.jpg', '9889152326_2f1298009a_c.jpg', '15443429223_a263069f85_c.jpg', '9889129645_354e1deb4f_c.jpg']"
horserace,4.3,concrete,"['16162150128_eb836a0321_c.jpg', '23421561435_5a3ec291c5_c.jpg', '51357195661_7a27a6f1f1_c.jpg', '52869541839_f8cb16cd77_c.jpg', '27271611693_4fbfdbbdef_c.jpg', '684044463_3348664ac5_c.jpg', '684901700_a3b7557840_c.jpg', '31421490158_0f7308c1c7_c.jpg', '48346178387_b3f2da3305_c.jpg', '14253568745_b0298b0283_c.jpg', '3400935620_f34d98f0d6_c.jpg', '14273818535_36c225d024_c.jpg']"
sweatshop,4.07,concrete,"['27966845034_68600cd7b6_c.jpg', '8485701829_b80071f05a_c.jpg', '4616270018_d704c0168b_c.jpg', '2558569786_d853beee45_c.jpg', '5709330762_ae7a80aa45_c.jpg', '2558569710_7e257f3bd6_c.jpg', '53255802_6307ae2b05_c.jpg', '39049295_27aeaeaa70_c.jpg', '3925461765_b088e62f8e_c.jpg', '8486799634_3cc984e5df_c.jpg', '8485722205_7b742be3d8_c.jpg', '2558569740_5bd49a1a6d_c.jpg']"
rumba,4.04,concrete,"['52080983946_5c64866f78_c.jpg', '3048995147_588ded712e_c.jpg', '52172081144_fc39b13bc6_c.jpg', '51949859391_7acbb592d2_c.jpg', '19626013828_509093dee7_c.jpg', '27927069191_7f36ff1b60_c.jpg', '3049837918_38842de840_c.jpg', '3049837188_cb5e422bbe_c.jpg', '2768620784_3c6dd4c059_c.jpg', '21301404070_20b68b4a78_c.jpg']"
deskwork,4.04,concrete,"['5761977764_745abfc92c_c.jpg', '6644291675_0ac1f4f4dd_c.jpg', '4265774722_9988466246_c.jpg', '3758300309_39dd2e18ce_c.jpg', '295846011_f9c3b4f1b0_c.jpg', '18997124382_f3d2519d5b_c.jpg', '5389069573_3b6cb3bc08_c.jpg', '4897079743_4d1cd4c288_c.jpg', '3179740232_e3a90d28de_c.jpg', '4061129653_45f3c9aa9a_c.jpg', '13208421735_692b8b3b05_c.jpg']"
sunburn,4.57,concrete,"['2521592706_7ce65a1806_c.jpg', '2736979773_6f37274620_c.jpg', '2669735461_d5da387bec_c.jpg', '32543066534_ce2801dea7_c.jpg', '51300979786_06c4f64cb0_c.jpg', '5614243369_b8b6ff2104_c.jpg', '28782290470_841186c2f0_c.jpg', '2335563558_48fae1ba2c_c.jpg', '24387695762_a5b428ab0e_c.jpg', '4511638151_a5e075a175_c.jpg']"
anthrax,4.44,concrete,"['8729281719_f8cf3a2822_c.jpg', '34515938645_c1312bdea8_c.jpg', '34515931725_8312330bbe_c.jpg', '34515935385_2eef1b0d2b_c.jpg', '33705437253_7db7dd3cdb_c.jpg', '33705411983_1cca9957e7_c.jpg', '34515943925_3d8acbdc04_c.jpg', '34385470331_acc52c3c16_c.jpg', '33705406083_202ec2b238_c.jpg', '33705442553_8f0d5a390a_c.jpg', '30166505601_a89cfa553f_c.jpg']"
hashish,4.33,concrete,"['5541441249_a6ca11abfc_c.jpg', '31165733947_b072bb454c_c.jpg', '4663720492_c5ecd04eed_c.jpg', '29053146327_1581a9f5d0_c.jpg', '5264622264_487d016ce3_c.jpg', '8008568228_9e075f7ac4_c.jpg', '16850236062_ac244324be_c.jpg', '27039197440_edb22296bb_c.jpg', '4737594431_03a3e84b2d_c.jpg', '8473098199_1fe6b095cc_c.jpg']"
rattler,4.5,concrete,"['52793851637_392ccf7120_c.jpg', '50121045992_7a1b8071ed_c.jpg', '14304351940_f63faa614e_c.jpg', '4691792750_8f8991f61d_c.jpg', '51814779500_9497f5bf2d_c.jpg', '184935723_2cf711dd03_c.jpg', '4457763386_033726c8dc_c.jpg', '4457763466_c5bf2abe63_c.jpg', '3815455473_6a6d3bcf02_c.jpg', '470048162_abd6fc08d0_c.jpg', '3880368155_f12278c897_c.jpg']"
bracelet,4.96,concrete,"['2277984528_10e519a944_c.jpg', '29403061245_2966118d67_c.jpg', '28778708134_4c61507185_c.jpg', '16342531781_6bee1107cb_c.jpg', '7816611666_c54666cae9_c.jpg', '4656263054_475e35cce8_c.jpg', '2277996770_7d6af24bf4_c.jpg', '15258237658_5fbb38d74b_c.jpg', '5282052375_e578378947_c.jpg', '2104389929_fb007f3b89_c.jpg', '8911200725_ce1d69c0c2_c.jpg']"
handball,4.48,concrete,"['37904912594_ac68fc9e8b_c.jpg', '26846177499_61a50d996b_c.jpg', '38622635601_a0d327b50e_c.jpg', '38589907252_9871e581f2_c.jpg', '38622591721_a0bd3aa1f1_c.jpg', '26846199829_29a12bedf2_c.jpg', '26846220969_425bcd3954_c.jpg', '38622566821_810d282d23_c.jpg', '38622576431_f69d6d334c_c.jpg', '38622562971_d51e44020d_c.jpg', '37734384165_1dabb451c8_c.jpg', '38622583361_8e4945eff0_c.jpg']"
twine,4.03,concrete,"['37769183911_dd23b459e1_c.jpg', '26351072244_1a7f4b2a13_c.jpg', '8358802199_6e2fe3b008_c.jpg', '4991520109_de08d5ffee_c.jpg', '3031382726_96bfe25514_c.jpg']"
paleontologist,4.62,concrete,"['1460966687_f6f74fb8ff_c.jpg', '30884563321_003e12e3b1_c.jpg', '52098924856_d4452809bb_c.jpg', '28853718893_0673ccc02b_c.jpg', '289814413_173c5f8984_c.jpg', '28254340698_0c1df10c16_c.jpg', '44724022745_e2ed429fe5_c.jpg', '1278343009_e4b2aa5ae6_c.jpg', '16284320231_9c872cffd9_c.jpg', '2747668947_2277e297d2_c.jpg', '15814180899_d716f68f48_c.jpg']"
fish,5.0,concrete,"['11950139756_ac2335b913_c.jpg', '6895511079_f1b781c9e9_c.jpg', '10404040225_08d6d785c7_c.jpg', '11949308385_99b33201be_c.jpg', '8270961725_7328c5f1c2_c.jpg', '10404045385_bdb0994ca9_c.jpg', '3116716897_ec0945e5e9_c.jpg', '9405820048_28a09cd10c_c.jpg', '25512150434_8dc8241cb2_c.jpg', '18121252129_5c53b4c1e4_c.jpg', '8049578760_baaaf7257b_c.jpg']"
bladder,4.48,concrete,"['52153579029_dc82c7bd86_c.jpg', '3919039320_9492c99d14_c.jpg', '49962012511_7775662982_c.jpg', '45414738105_4d383422c5_c.jpg', '2322416380_f7773fa365_c.jpg', '9616098922_53ffb84866_c.jpg', '34709262526_8a2e86a907_c.jpg', '52175545692_343a9b2c04_c.jpg', '52955196231_59336986b5_c.jpg', '14609926179_c5cb1f1f86_c.jpg']"
beekeeper,4.67,concrete,"['52853805494_b3e76e27e3_c.jpg', '6826458383_9a6cba726f_c.jpg', '75651118_9e69c9969e_c.jpg', '2595171995_cc1bee89c6_c.jpg', '433968064_842ac62c6f_c.jpg', '42224796395_44260b139b_c.jpg', '51137305810_3c4a68086b_c.jpg', '2118438001_b81b878f35_c.jpg', '8337697493_7d0f4e4430_c.jpg', '8387257468_4c11165a26_c.jpg', '7979343795_c1b45f8bf9_c.jpg', '8240911577_567de66b49_c.jpg']"
scrapheap,4.36,concrete,"['52091750765_94e7c0b481_c.jpg', '69103287_d117f9e6b6_c.jpg', '52472570129_841507aa2d_c.jpg', '51300058667_a8efd0107c_c.jpg', '42854347071_13a2f213d4_c.jpg', '36419053582_a611716a8d_c.jpg', '42784022762_3f6126cc07_c.jpg', '371881949_c5e2a52119_c.jpg', '13947470385_efc7fab999_c.jpg', '52696880198_59a146171a_c.jpg', '6290329965_8dc8165ca0_c.jpg']"
gondola,4.92,concrete,"['8118751585_4576ea31b4_c.jpg', '8118741115_4818698655_c.jpg', '8118753170_14ca542288_c.jpg', '21644682651_c47ec1fa8d_c.jpg', '11389298706_53d7985fcc_c.jpg', '8689710445_fb8789d9d7_c.jpg', '17313502316_33460f24fe_c.jpg', '2634489863_0602bc8804_c.jpg', '8016651517_579f94687c_c.jpg', '5865269413_fa9ed2abe6_c.jpg', '2927328032_864098c0b7_c.jpg', '6339660958_a47d369cd9_c.jpg']"
granite,5.0,concrete,"['4711706094_4082bf7cb7_c.jpg', '443523058_c42b44ff14_c.jpg', '15484285557_2a92c52df9_c.jpg', '9763771764_883e7f13b7_c.jpg', '25862014671_51dc2e0851_c.jpg', '8655964831_ebd1933049_c.jpg', '8657068856_67f00978bf_c.jpg', '8655961689_3e6b26639c_c.jpg', '8655960333_fb37861e0f_c.jpg', '8655965075_cf0c1ef6d7_c.jpg', '6735969117_d8ac834dcc_c.jpg']"
panda,4.75,concrete,"['25933765604_72f26ddaf9_c.jpg', '27510591134_1bc4979798_c.jpg', '25800861332_53ac1b3cf4_c.jpg', '3081551018_2c9244beb0_c.jpg', '28090776316_f9f8c042a6_c.jpg', '5255161524_2e992560c5_c.jpg', '14003432508_f460a66df6_c.jpg', '2129982719_32d94154fe_c.jpg', '35920934042_848440035a_c.jpg', '28125059035_bbbc0e3eac_c.jpg', '14290606346_19b53c107e_c.jpg']"
controller,4.33,concrete,"['14110266094_8b3903a4a8_c.jpg', '16167876628_5ee86acc60_c.jpg', '15356390478_a049d5c00f_c.jpg', '3818482450_f1992b7fdd_c.jpg', '1104056542_b803ad08b0_c.jpg', '83125789_2cace2c980_c.jpg', '5932030765_9e3ff726df_c.jpg', '6821429706_5bba82711b_c.jpg', '105790115_286df7215b_c.jpg', '2943648039_f652bf1467_c.jpg']"
flytrap,4.62,concrete,"['53392780810_fd04febbd5_c.jpg', '53391415177_61264ea032_c.jpg', '53392780805_1079be6424_c.jpg', '15158092239_64780afb3f_c.jpg', '4286130591_b29144e7f9_c.jpg', '3657085958_556472855b_c.jpg', '2924223768_d97f14fe7c_c.jpg', '130305228_3f180b1a4c_c.jpg', '52295527836_0e612bd6ae_c.jpg', '1323098_d5d476829a_c.jpg', '5813132075_9b3d73e92e_c.jpg']"
hippopotamus,4.93,concrete,"['4496238987_6d64d24ceb_c.jpg', '21670830005_739836daba_c.jpg', '24087013310_47604419ec_c.jpg', '3873809594_c52475475d_c.jpg', '5206272831_355d4fef00_c.jpg', '32399271876_5a5ccd84fb_c.jpg', '23719910679_1110b6f541_c.jpg', '38139842652_c3c2e72a2a_c.jpg', '32318133481_39cdbe5020_c.jpg', '4468244586_2a8c881454_c.jpg', '32287908892_6168e13556_c.jpg']"
trainer,4.31,concrete,"['10231006554_2530d1c069_c.jpg', '51361792556_ae42ee55db_c.jpg', '32009923935_e4443488a7_c.jpg', '9817140473_f3f25fa93d_c.jpg', '38522391561_647c9bf5de_c.jpg', '37641030115_86fa4913cf_c.jpg', '52636633229_0cb4abb1bd_c.jpg', '31612009944_3df2ed78d2_c.jpg', '51361048502_a7bb2daa6d_c.jpg', '52288986089_49e5c4d78d_c.jpg', '47684399411_b2a6a0db2e_c.jpg']"
tide,4.1,concrete,"['27053748062_ac5f80bb15_c.jpg', '34504537436_28fce96971_c.jpg', '52927110806_eb6e59a159_c.jpg', '9137487549_db1bf8c9ee_c.jpg', '48843360767_7c5fa62f17_c.jpg', '1456830763_fce2bfe21f_c.jpg', '51417349936_91445422e5_c.jpg', '52657959958_b51a873388_c.jpg', '36621083106_95b937cef9_c.jpg', '52314166089_f589702d88_c.jpg']"
barnyard,4.79,concrete,"['30507519824_b54e9651a7_c.jpg', '52182272210_a63f18a3f3_c.jpg', '49382422106_68dedb8e06_c.jpg', '49382422256_c7b43d7fc5_c.jpg', '49357455403_cb632bbf76_c.jpg', '3414836242_8c9caeddd0_c.jpg', '49387849487_3660aab7c8_c.jpg', '52484765412_dddf6a07c4_c.jpg', '5446349138_af41245f5d_c.jpg', '49387178213_3fe58f6241_c.jpg', '6044560218_ab7113917f_c.jpg', '475801948_346e3499df_c.jpg']"
canon,4.56,concrete,"['13376069855_523f497b30_c.jpg', '17059080030_aec2a04409_c.jpg', '15584611645_fda103a5cc_c.jpg', '6490436955_bc27c2b8d0_c.jpg', '9434332100_925f089c4b_c.jpg', '6432778773_7e00cec207_c.jpg', '16165683125_eafbb3170a_c.jpg', '13991315243_fe2778140b_c.jpg', '4577699517_153b540026_c.jpg', '15315148686_3a705fa0cd_c.jpg', '9406867641_820762cf10_c.jpg', '24616329989_ce4220e30c_c.jpg']"
vendingmachine,4.83,concrete,"['52128163767_b45660dbbd_c.jpg', '52134495999_86b3f86df4_c.jpg', '52215626399_050c93cd6e_c.jpg', '52135162097_5553498957_c.jpg', '52208984785_3e5804720c_c.jpg', '52155173150_54e2afe8f0_c.jpg', '52134654492_e3f6fb2012_c.jpg', '52138883885_ba6098d3d6_c.jpg', '52130392717_a304d83d7b_c.jpg', '52255206604_9d2f9c2f6c_c.jpg', '52758803835_f66ecd23d8_c.jpg', '52909385424_9496b2fa6f_c.jpg']"
goop,4.31,concrete,"['2678041327_2c58587c2c_c.jpg', '190732322_19563fcbda_c.jpg', '3502292454_43e1efabc4_c.jpg', '13316822075_583432b7a5_c.jpg', '4449600140_7e1e499675_c.jpg', '4855474117_1a9f45dd6e_c.jpg', '2678861960_09db33c576_c.jpg', '2882969278_4a6e9384ec_c.jpg', '2296382459_bf4b911f3c_c.jpg', '3177092128_211dbc7981_c.jpg', '6695960787_d35268e219_c.jpg']"
sawhorse,4.78,concrete,"['51871117459_2cd842135a_c.jpg', '15129504963_99d9b6bf2c_c.jpg', '2376507964_236851f625_c.jpg', '679590510_ef50402c8a_c.jpg', '2452367326_6cf816b822_c.jpg', '177464447_48d604a246_c.jpg', '197594565_08a950ff2b_c.jpg', '52623503130_1c9ecd4967_c.jpg', '3531960753_26940f7a4f_c.jpg', '5037798559_4c73380362_c.jpg', '2650864130_87b8a06fe6_c.jpg', '2058913158_e579b0492c_c.jpg']"
talk,4.07,concrete,"['5790194464_67d38d09c0_c.jpg', '484818364_725c7c69e8_c.jpg', '52595010924_d67a019a54_c.jpg', '20609160724_300ccbe234_c.jpg', '17954063069_8f05b2a10e_c.jpg', '23898350206_f82ab1de34_c.jpg', '21595585684_a4d99f2fb8_c.jpg', '13763390033_29fb70f618_c.jpg', '3106611195_309ab39a17_c.jpg', '4172864087_577595c136_c.jpg', '163648028_70c1f5923a_c.jpg', '13940803515_c6098c179d_c.jpg']"
citizen,4.43,concrete,"['31515308836_d755ed0d54_c.jpg', '46742394875_6a61e81429_c.jpg', '8615705420_c1ede38572_c.jpg', '9357537010_bedb65eacb_c.jpg', '8614598275_1b8509dab2_c.jpg', '9357537068_b61685cce3_c.jpg', '15681480391_aa736fa9e7_c.jpg', '8614628563_e6894a2f99_c.jpg', '9354761427_426c490568_c.jpg', '8614594763_59273e6da1_c.jpg', '15442048709_069888120d_c.jpg', '8615699514_d4746d9ec5_c.jpg']"
pot,4.81,concrete,"['52547433969_579d11024f_c.jpg', '231532689_409d8d2aa1_c.jpg', '467736906_01fef33e94_c.jpg', '467801891_0d9cbc8af9_c.jpg', '50898322558_d605ee45f8_c.jpg', '2743900188_0e35d0897f_c.jpg', '3323790459_d4c852445c_c.jpg', '50524583667_1ec4f199a9_c.jpg', '29884095793_d00b6c081b_c.jpg', '30218315780_55e9b1b803_c.jpg', '34753792715_9c89355efd_c.jpg']"
rat,4.85,concrete,"['16056385655_fc90653140_c.jpg', '3908678004_69ee429660_c.jpg', '31394310506_a9ccb2915e_c.jpg', '49123400872_eff22c3737_c.jpg', '89756920_4b87ab1d0c_c.jpg', '51180585854_f9791b7e4d_c.jpg', '16041460381_16e82f5c16_c.jpg', '43667343332_dd449718ce_c.jpg', '48631994782_d4d242542b_c.jpg', '2240939681_5b7951c4b9_c.jpg']"
condiment,4.72,concrete,"['52319078005_efdf8fa290_c.jpg', '27617448168_83429f8112_c.jpg', '52320997724_1babc99edf_c.jpg', '40787130234_b0e67f9712_c.jpg', '52317986787_a8085ee78f_c.jpg', '6428722545_08bc58f774_c.jpg', '4680697037_44cdfa3472_c.jpg', '27619533098_d5591e5f16_c.jpg', '40610081645_8085cf12b9_c.jpg', '40573988695_1b4e8a4b55_c.jpg', '21677671272_26a94717e8_c.jpg', '40602101375_f10dcfd056_c.jpg']"
quarter,4.43,concrete,"['51126378186_81971507eb_c.jpg', '3017181689_9e66eec839_c.jpg', '4735879938_8c52f92a68_c.jpg', '5349786531_ae1047795b_c.jpg', '7857279342_0b6dc672a7_c.jpg', '2234393986_f87a2a9710_c.jpg', '400375099_5909a5e06a_c.jpg', '2244109166_edac177567_c.jpg', '8355389096_afbcec1036_c.jpg', '4547363450_d1766be2d1_c.jpg', '3437315978_39bf2e2ac5_c.jpg']"
text,4.93,concrete,"['5124181280_5c89783e49_c.jpg', '5505694668_11c0c8b0e6_c.jpg', '24048401923_6be063c487_c.jpg', '5449712745_312625cf12_c.jpg', '6012140253_573cb37e3d_c.jpg', '8572273633_3ba123a565_c.jpg', '6565913845_40fde3c0ce_c.jpg', '39184435491_19592bd30e_c.jpg']"
scanner,4.79,concrete,"['52797906097_6504be341a_c.jpg', '22224508120_981b95700f_c.jpg', '8007491906_d43582419d_c.jpg', '27620050315_03bded0b60_c.jpg', '27520579192_56e262cb6d_c.jpg', '5623776291_cdd58c1df9_c.jpg', '2371293159_d658cc2131_c.jpg', '3057243780_ea9de8152e_c.jpg', '2171555955_571f3e459a_c.jpg', '3085182203_2c1298690b_c.jpg', '96425151_39c053d4b7_c.jpg']"
haystack,4.87,concrete,"['48408701917_16a8bf9d23_c.jpg', '27073257220_2eb8e0081a_c.jpg', '43093927135_cd2525314b_c.jpg', '52267315596_c9bbb11b07_c.jpg', '52520593066_33388638cf_c.jpg', '16431060519_7ebdf3327a_c.jpg', '48663957693_b0038ebf6f_c.jpg', '52471882166_9be779e7be_c.jpg', '29905868722_d7e9f7f453_c.jpg', '51176523231_5ff7f56753_c.jpg', '3419383115_63aa95d75c_c.jpg', '51023854577_133245e1a5_c.jpg']"
dollar,4.93,concrete,"['2220965610_ac15a2422a_c.jpg', '5910293152_c42406ef64_c.jpg', '40835502842_66be51ccb7_c.jpg', '5930039474_7a5af71e59_c.jpg', '2570113041_944c00d82f_c.jpg', '40656867133_c1d051de3a_c.jpg', '7141892223_9699d7973f_c.jpg', '40656867173_9a9da1caee_c.jpg', '40656866863_89791f5e69_c.jpg', '40656866803_2b1d7e5168_c.jpg']"
kickboxing,4.59,concrete,"['2230971264_7d8993707f_c.jpg', '5655660527_c74a682076_c.jpg', '5673544818_e6b11cb05c_c.jpg', '13430025723_0bbe174cba_c.jpg', '4595890432_2c1b76207e_c.jpg', '3255554475_66746292ca_c.jpg', '27567963_fb110e8108_c.jpg', '50953448792_af7387d4df_c.jpg', '4951363956_2224a1e58a_c.jpg', '2319882302_584968d4a4_c.jpg']"
hardwood,4.4,concrete,"['6714588837_134b318857_c.jpg', '4467837342_c82c956883_c.jpg', '4586257249_8b5aee7205_c.jpg', '4645436293_085fa0df10_c.jpg', '4136299908_3583494928_c.jpg', '6183565702_35169fffbe_c.jpg', '4645436343_6b3bdbf55c_c.jpg', '7700576590_26163a0976_c.jpg']"
cyclone,4.48,concrete,"['4530865188_91d68ff68c_c.jpg', '33918411442_6516df9b77_c.jpg', '20023550053_40dea59e5b_c.jpg', '7727828104_2912b8d1f4_c.jpg', '47006954424_c394144956_c.jpg', '47006954964_821480db24_c.jpg', '4783149412_ef03ace4f5_c.jpg', '30507576797_d860dd486b_c.jpg', '2875714044_04f7afa30f_c.jpg', '52291097615_dcdce7f82f_c.jpg', '38539831862_7b322e156d_c.jpg']"
clicker,4.32,concrete,"['6348057956_2fee2e5645_c.jpg', '5658982473_394a35c1c9_c.jpg', '52546751649_a750384bbe_c.jpg', '6305940672_b8b01c2205_c.jpg', '44378760344_0a8eb28c57_c.jpg', '52629943572_06cc39aa4c_c.jpg', '34331948123_b807d1b345_c.jpg', '2859439203_d76e9c27d8_c.jpg', '15515599254_88901c628f_c.jpg', '173738142_43dcfc9e57_c.jpg', '6256762210_2cd7f645ff_c.jpg']"
testicle,4.59,concrete,"['128390432_25f5c79f54_c.jpg', '17103626109_27478db17c_c.jpg', '2599364450_6b50c335ce_c.jpg', '1154100187_9add01de55_c.jpg', '552566043_3339b39c4f_c.jpg', '8446811766_0697403230_c.jpg', '6473872901_fde3e7d6e3_c.jpg', '2456476345_ba2463144b_c.jpg', '1516239468_f5182c2c05_c.jpg', '4091471143_f5994b3bcf_c.jpg']"
hash,4.1,concrete,"['8292472632_b4e0eb8d3a_c.jpg', '14978699707_9f96df0267_c.jpg', '5953545344_87faa0de49_c.jpg', '4841945193_93f53a916a_c.jpg', '5991409256_ce07e20d0a_c.jpg', '52433928234_fcc60a53f5_c.jpg', '453652635_11b8e8d42d_c.jpg', '7128182871_0f3f5354d4_c.jpg', '5416056083_47ddb70526_c.jpg', '3045967027_6d729bd04e_c.jpg', '5449364568_946e6d310c_c.jpg']"
frost,4.56,concrete,"['52649962791_c62e13f2c4_c.jpg', '52526898950_1d11798ec3_c.jpg', '23427499769_07b07de715_c.jpg', '31746787445_641c9400db_c.jpg', '50878934436_d22cc24c62_c.jpg', '31681662610_ac8122fb72_c.jpg', '51585744503_91df6062a0_c.jpg', '52569184784_69d312be25_c.jpg', '16047234054_e42103e9f8_c.jpg', '50733480448_66d2318ce8_c.jpg', '11611193364_b72367b237_c.jpg', '32012658175_4705ac8952_c.jpg']"
whisker,4.7,concrete,"['27120852048_cc6abea7dc_c.jpg', '44228385294_480499dfe1_c.jpg', '28186754953_ddfdb60e0a_c.jpg', '5289306278_534655f720_c.jpg', '18250964332_ce52553b27_c.jpg', '4390039931_ff775600ef_c.jpg', '7170059173_61b37b777c_c.jpg', '9622601829_bc48e2e699_c.jpg', '7532314974_95b2f773de_c.jpg', '24828624925_972e5829cd_c.jpg', '18512143932_a8bb722884_c.jpg']"
receptacle,4.58,concrete,"['51920984020_b20df4e579_c.jpg', '52540375660_7a03094fcc_c.jpg', '49154700911_19e25663bf_c.jpg', '53090971134_257be91eb4_c.jpg', '37439505881_c6b7d92c44_c.jpg', '32945688542_8c6d627207_c.jpg', '52064117297_9bd75a7a83_c.jpg', '51366652050_830136ac05_c.jpg', '4350620426_a2dc18d4cf_c.jpg', '50204577427_3546547c4d_c.jpg', '143345141_e8f23a7f3e_c.jpg', '51735708018_61a3f671fc_c.jpg']"
crescent,4.04,concrete,"['50293690493_02cb7a90c7_c.jpg', '16291661423_0402edb1e2_c.jpg', '50151415582_4a93d8b5b0_c.jpg', '50543095177_a141bf3128_c.jpg', '51184461646_6f743820ac_c.jpg', '36149887271_30a92cebc8_c.jpg', '30094952826_26f58d0a0e_c.jpg', '26598605983_44d04a5124_c.jpg', '46141562192_67bca1f24d_c.jpg', '52773117601_23f33983ae_c.jpg', '36799205890_c970c02a46_c.jpg']"
mint,4.54,concrete,"['52448708289_f17fa8cb24_c.jpg', '5770946994_551de11755_c.jpg', '7979114287_9d0cbffc3e_c.jpg', '9237969921_79bd0abc1b_c.jpg', '488859911_29a19bad30_c.jpg', '3062903473_4863d08664_c.jpg', '51948387356_164e9dd240_c.jpg', '7888288132_3f605599e2_c.jpg', '49946829327_5ba5d366ea_c.jpg', '5530980706_7700ac8816_c.jpg', '49538709018_c78464a134_c.jpg', '13722023835_426fc2df77_c.jpg']"
desert,4.86,concrete,"['7179847951_1e25e9d7e8_c.jpg', '4881282339_4a1b25ae21_c.jpg', '1389180_b9faa811c0_c.jpg', '108914129_513911d73e_c.jpg', '3660463620_8e2e480282_c.jpg', '3660455316_00c90d5515_c.jpg', '52868496462_f1e48d89da_c.jpg', '17380262446_f9f79878d6_c.jpg', '48115750033_ed68297f86_c.jpg', '48876880212_34d35f2905_c.jpg', '276466667_419364053e_c.jpg', '2548053495_0f6ebcd238_c.jpg']"
ditchwater,4.61,concrete,"['469339337_599deaaf45_c.jpg', '49885870036_1ac25ab570_c.jpg', '49813227098_5386739bc4_c.jpg', '44818084801_8e1f202bff_c.jpg', '380107330_eaa75e7cb9_c.jpg', '380095629_454dfad1ee_c.jpg', '380095625_454dfad1ee_c.jpg', '380107325_fe586aae96_c.jpg', '156144560_bc49b0b084_c.jpg', '50345067246_fede7e2dee_c.jpg', '24230031372_8d36c9a582_c.jpg', '4841570708_3eb29c931d_c.jpg']"
toiletry,4.52,concrete,"['977711130_381c96e261_c.jpg', '177830321_bdda30bf65_c.jpg', '3168595634_f2d8c5038c_c.jpg', '3167763853_9146bdf67f_c.jpg', '208634930_e50d9a7bb6_c.jpg', '3168595712_bb27be608e_c.jpg', '30874413905_766b9aaa0b_c.jpg', '2418696824_1569f4eefe_c.jpg', '7247834234_4619d96a07_c.jpg', '20785442659_258c0b3549_c.jpg', '20979693611_a9f620a6dd_c.jpg', '20979694761_878a84c630_c.jpg']"
ox,4.86,concrete,"['2961691388_4d7396f1f9_c.jpg', '422521657_bf2f4c9bb1_c.jpg', '462773605_951139efdb_c.jpg', '8593618378_2fcb153cc1_c.jpg', '146630810_3ba1b8f214_c.jpg', '171716464_54808f52b6_c.jpg', '2839203303_89d446fef9_c.jpg', '2690282481_07f54e8788_c.jpg', '3107429192_39d584986b_c.jpg', '4441682171_e0f9b5e3d6_c.jpg', '20745359483_a75d9354fd_c.jpg', '1338394103_48c6e81c59_c.jpg']"
hairstylist,4.79,concrete,"['26664800863_577bf13ef1_c.jpg', '53209932225_93da6d65c6_c.jpg', '10588704966_92c81b854d_c.jpg', '51489033256_294c9b8dc8_c.jpg', '6888125111_61a6895da5_c.jpg', '51778721504_64467eee8b_c.jpg', '18571242982_687cc9a3cf_c.jpg', '3969071956_0151e50d11_c.jpg', '51005539886_4b568aa48e_c.jpg', '2233260906_104302bc28_c.jpg']"
jug,4.96,concrete,"['146737211_5bd41e1ab4_c.jpg', '40487374635_316d34a12e_c.jpg', '50388470691_b1a6f5bcc2_c.jpg', '40430780053_2b87981b2b_c.jpg', '52997130905_01939055a4_c.jpg', '3672250270_4f74f6e131_c.jpg', '3310458990_63d26091d6_c.jpg', '488379697_6fe167cf6b_c.jpg', '26964505470_293d03cb4d_c.jpg']"
dough,4.79,concrete,"['8334227918_6532470e16_c.jpg', '2490258165_69eee9ed2d_c.jpg', '5268607390_565a9652d6_c.jpg', '332200679_6f88ed7419_c.jpg', '3735027371_5da69b2db2_c.jpg', '6332343196_25b5012817_c.jpg', '28556783944_34328477f8_c.jpg', '2498487405_c8d7d36907_c.jpg', '6661490243_e04b074c1a_c.jpg', '320273514_8e73ae8d95_c.jpg', '5636367235_27278de828_c.jpg']"
